Text,Language
"Mu? bh?buchi je internet purbaru jete ?krama?a hoithil? t?h?ru ebe adhika ?krama?a sahita sammukh?na heuchhi. Sarak?r?m?ne ebe internet samparkare bhaya p?inchaanti k?ra?a madhya p?rburu madhya p?rb paschima ?ba? sem?ne eh? sahita samparkita thib? de?agudi ku dekhi?hile, te?u sem?ne bipar?ta manobh?ba prak??a karithile. Sem?ne byabas?yika sw?dh?nat?re sangr?ma karuchhanti y?h? sem?nankara sw?dh?nat?re pratibandhaka ?nith?e kintu sem?ne atyadhika ch??ithile ? sem?ne SOPA saha t?lima neithile.",Odia
 i do think the internetâ€™s under much greater attack than it has been in the past governments are now afraid of the internet because of the middle east stuff and so theyâ€™re a little more willing to listen to what i see as a lot of commercial interests that just want to make money by restricting peopleâ€™s freedoms but theyâ€™ve also seen a tremendous user reaction like the backlash against sopa i think that governments fight usersâ€™ freedoms at their own peril,English
"Mujhe lagta hai ki internet par pehle se kahin zyada hamle ho rahe hain. Sarkarein ab internet se darti hain kyunki madhya purv ke kaaran unhone ise lekar apni chintayein badha di hain, aur ve ab un vyavsayik hiton ko sunne ke liye thoda adhik tayar hain jo logon ki svatantrataon ko seemit karke paisa kamaana chahte hain, lekin unhone upayogkartao ki pratikriya ko bhi dekha hai, jaise SOPA ke khilaf backlash. Mujhe lagta hai ki sarkarein agar upayogkartao ki svatantrataon se takraati hain, to ve khud hi khatre mein pad sakti hain.",Hindi
"Nenu bhavistunnanu internet pai ippati daka unna edaina kaalamlo kante ekkuvadiga daadulu jarugutunnayi. Prabhutvamalulu ippudu internet gurinchi bhayapadutunnayi endukante madhyaprachya sambandhita vishayalu valana avi konchem jaagrathaga unnayi mariyu ee taraha vyapara prayojanalu vyaktula svechhalanu parimitim cheyadam dwara dabbu sampadinchalaane vaaru maatallanu vinadani ki marinta siddhanga unnayi. Kani vaalu SOPA lanti pratikoopala pratispandananu kuda choosaaru. Naaku anipistunte, prabhutvamalulu viniyogadarula svechhalato poraatam chesthe, vaalu daniki pratiga shikshana pondavachu.",Telugu
"Enna vaazhdhal thonudhal internet-ukku ippodhu munnadi irundha kaalamthaanum periya azhuththugal thodangudhal. Aasaiyalar ippodhu internet patri bayapadugirargal, enna madhyapracchi kaaranaththaal adhuvum avargal thunaiyum konjam kadandha mudhal tharum, idharku mela theriyaanavida. Avargal thunaiyum pothuvaga vyabasaaya suvaikkarai thavira alavukku seyyum nilaivida. Kani avargal porundhal saadhana seythellavida soppa veedhugal kooda samajikkal.",Tamil
"W? rènwéi, hùliánw?ng xiànzài miànlín de g?ngjí b? y?w?ng rènhé shíhòu d?u yào yánzhòng. Yóuyú zh?ngd?ng de y?nsù, zhèngf? xiànzài duì hùliánw?ng g?ndào hàipà, y?nc? t?men gèng yuànyì q?ngt?ng nàxi? xi?ng t?ngguò xiànzhì rénmen zìyóu lái zhuànqián de sh?ngyè lìyì. Dànshì t?men y? kàn dào le yònghù de qiángliè f?nyìng, b?rú duì SOPA de f?nduì. W? rènwéi, zhèngf? rúgu? y? yònghù de zìyóu zuòduì, jiù huì zì shí qí gu?.",Chinese
"Watashi wa, int?netto ga izen ni kurabete motto ?kina k?geki ni misetsukatte iru to omotteimasu. Ch??t? no mondai ni yoru, seifu wa ima int?netto ni taishite osore o motteimasu, soshite, hitobito no jiy? o seigen suru koto de okane o kasegu koto o nozomu sh?gy?teki riy? ni taoremasu ga, soredemo y?z? kara no k?d? ga sugoi hanpatsu o shimeshiteimasu, tatoeba SOPA ni taisuru hantai. Watashi wa, seifu ga y?z? no jiy? ni taorezu ni, j?bun ni keiken o motoduni k?d? suru koto ga hitsuy? da to omoimasu.",Japanese
"a killing closing hours of the bill passing session of the legislature woman suffrage and anti-pool room bills go down to death together"" the minneapolis tribune april",English
"Sesha samayare bil passing session ra samaya samapti hebaare, mahila matadana o anti-pool room bill eka saha mrityu pain jaauchi.",Odia
"Antim samay mein bill passing session ke samay mein, mahila matdan aur anti-pool room bills ek saath maut ke gaddhe mein gir jaate hain.",Hindi
"Antima samayam lo bill passing session samayam samapti ayyeppudu, mahila matadana mariyu anti-pool room bills okka saathiki mrityu lo padutayi.",Telugu
"Kaala samayaththil bill passing session mudhal kaalam, mahila matadana matrum anti-pool room bills oru koodiya kaatchiyil marandhu thudhan padaikkum.",Tamil
"Zuìhòu y?zhí de bìngzhì huì jiézhì shí, n?xìng sùf? hé f?n p?lì t?ng de bìnglì y?q? mièb?o.",Chinese
"Saigo no h?koku jikan ni, bill passingu sesshon no jikan ni, josei senkyo to anti-p?ru r?mu biru ga issho ni shinu",Japanese
"‘Always on Time’ hochi American rapper Ja Rule ra duiti single, ja ja ra third studio album 'Pain is Love' ru aasi thila. Ei gaana re American R&B singer Ashanti feature hei thila ebong ei gaana ku Irv Gotti produce kari thile. Ei gaana ku Aurelius, Ja Rule, ebong Irving Lorenzo likhithile. Ei gaana duniya bhitare hit hebaare purnanga safala heithila ebong ei gaana Ashanti ra prathama Hot Number One single au Ja Rule ra dutiya hit hoithila.",Odia
"‘Always on Time’ Ja Rule ka doosra single hai, jo uske teesre studio album 'Pain is Love' se tha. Is gaane mein American R&B singer Ashanti ka feature tha aur isse Irv Gotti ne produce kiya tha. Gaana likha tha Aurelius, Ja Rule aur Irving Lorenzo ne. Yeh gaana duniya bhar mein hit ho gaya aur yeh Ashanti ka pehla Hot Number One single tha aur Ja Rule ka doosra.",Hindi
"‘Always on Time’ ane gaana, American rapper Ja Rule dawara pettina renduva single, tana third studio album 'Pain is Love' nundi ochindhi. Ee gaana lo American R&B singer Ashanti feature chesindi, mariyu ee gaana ni Irv Gotti produce chesadu. Ee gaana ni Aurelius, Ja Rule mariyu Irving Lorenzo raasaru. Ee gaana prapancham lo hit ayyindi mariyu ee gaana Ashanti ki modati Hot Number One single aithe Ja Rule ki renduva hit.",Telugu
"‘Always on Time’ enna kaana, American rapper Ja Rule-udaiya rantuva single, avanudaiya third studio album 'Pain is Love' inda varum. Ithu kaana, American R&B singer Ashanti feature aagindha, matrum ithu Irv Gotti producer aayirundha. Ithu kaana, Aurelius, Ja Rule, matrum Irving Lorenzo ezhudhi irundha. Ithu kaana ulagam thodangiya hit aayidha, matrum ithu Ashanti-udaiya mudhal Hot Number One single aagidha, Ja Rule-udaiya rantuva hit.",Tamil
"‘Always on Time’ shì American rapper Ja Rule de dì èr zh? g?, láizì t? de dì s?n zh? studio album 'Pain is Love'. Zhè sh?u g? y?u American R&B singer Ashanti c?nji?, ér zhè sh?u g? shì yóu Irv Gotti chéngb?o de. Zhè sh?u g? shì yóu Aurelius, Ja Rule hé Irving Lorenzo xi? de. Zhè sh?u g? chéngwéi quánqiú dào h?i de rèmén g?, y? shì Ashanti de dì y? gè Hot Number One single, y? shì Ja Rule de dì èr gè.",Chinese
"‘Always on Time’ wa American rapper Ja Rule no daini single de, kare no sanbanme no studio album 'Pain is Love' kara deshita. Kono songu ni wa American R&B singer Ashanti ga f?ch? sare, sono songu wa Irv Gotti ni yotte seich? saremashita. Kono songu wa Aurelius, Ja Rule, to Irving Lorenzo ni yotte kaita mono desu. Kono songu wa sekai-ch? de hit o kiki, Ashanti no saisho no Hot Number One single to, Ja Rule no daini hit to natta.",Japanese
west coast reggae group stick figure debuts first-ever music video for fire on the horizon track exclusive premiere billboard november,English
West Coast reggae group Stick Figure ta?kara prathama music video 'Fire on the Horizon' track ra exclusive premiere debut karichi.,Odia
West Coast reggae group Stick Figure ne apna pehla music video 'Fire on the Horizon' track ka exclusive premiere debut kiya.,Hindi
West Coast reggae group Stick Figure tana modati music video 'Fire on the Horizon' track yokka exclusive premiere debut chesindi,Telugu
West Coast reggae group Stick Figure avarudaiya mudhal music video 'Fire on the Horizon' track-oda exclusive premiere debut seyyindhaanga.,Tamil
"West Coast reggae tuan Stick Figure ch?b?n le t?men de dì y? ge mùs?c vidéo, ‘Fire on the Horizon’ de qudi exclusive chuangzuo.",Chinese
West Coast reggae gur?pu Stick Figure ga hajimete no music video 'Fire on the Horizon' no torakku no exclusive premiere o hatsubai.,Japanese
a memorial to the achievements of the mwsa currently stands on the lawn of the minnesota state capitol and is known as the minnesota woman suffrage memorial,English
MWSA ra safalatara smarakanka eka smarakabarana Minnesota rajya capitol ra bagicha re sthita achhi ebong ta ku Minnesota Mahila Matadana Smarakanka rupe jana jae,Odia
MWSA ki safaltayon ka ek smarak abhi Minnesota State Capitol ke bagiche par sthit hai aur ise Minnesota Mahila Matdan Smarak ke roop mein jaana jaata hai.,Hindi
"MWSA yoka safalatalu samarpinchina oka smarakamu ippudu Minnesota State Capitol loni bagichalo undi, adhi Minnesota Mahila Matadan Smarakam ani piluvabadutundi.",Telugu
"MWSA inri varach cheyyum udhavi sammanam oru smarakaththarvam ippodhu Minnesota State Capitol thottaththil irundhu varugirathu, adhu Minnesota Mahila Votting Smarakaththarvamaaga arindhidappadugirathu.",Tamil
"MWSA de chengjiu jìnián mù xiànzài zhìlì yú Minessota guóji? d?huì shìch?ng de c?oyuán shàng, bìng bèi ch?ng wèi Minessota n?rén quánzhèng jìnián mù.",Chinese
"MWSA no seika e no kinen no tame no kinenhi ga genzai, Minnesota sh? govenment no ry? no ni arimasu, soshite Minnesota josei senkyo kinenhi to shite shirareteimasu.",Japanese
a photograph of his son x tecumseh clark born october   was featured on the cover art of canadian electronic music band crystal castles second eponymous album in,English
"Tankara putra X Tecumseh Clark jaha October re janma heithila, tankara eka photo Canadian electronic music band Crystal Castles ra dwitiya eponymous album ra cover art re dekha jaithila.",Odia
" Unke putra X Tecumseh Clark, jinka janm October mein hua tha, unki ek tasveer Canadian electronic music band Crystal Castles ke doosre eponymous album ke cover art par dekhi gayi thi.",Hindi
" Aayana kumarudu X Tecumseh Clark, yavariki October lo janminchinaaru, aayana photo Canadian electronic music band Crystal Castles madhya eponymous album cover lo kanipinchindi.",Telugu
"Avargalin magan X Tecumseh Clark, ivar October-il pirandha, avar oru padam Canadian electronic music band Crystal Castles in irandaavathu eponymous album cover-il irundhadhu.",Tamil
"T? de érzi X Tecumseh Clark, ch?sh?ng zài Shíyuè, t? de yì zh?ng zhàopiàn ch?xiàn zài Ji?nádà diànz? y?nyuè tuán Crystal Castles dì èr zh?ng tóngmíng zhu?njí de f?ngmiàn yìshù.",Chinese
" Kare no musuko X Tecumseh Clark wa, 10-gatsu ni umareta, kare no shashin wa Kanada no denshi ongaku bando Crystal Castles no 2-banme no jiko teiki album no kab? ?to ni t?j? shimashita.",Japanese
a talk by takis fotopoulos about the internationalization of the capitalist market economy and the project of inclusive democracy a talk given by takis fotopoulos at the university of vermont in  followed by a discussion in which murray bookchin dan chodorkoff and others take part video in  parts retrieved  january,English
" Takis Fotopoulos dwara antarjatikarana o capitalistic market economy ra inclusive democracy upare ekta alochana University of Vermont re heithila, jaha pare Murray Bookchin, Dan Chodorkoff ebong anya loka samil hela. Ei video parts re January re upalabdha heithila.",Odia
"Takis Fotopoulos dwara kapitalist bazar arthvyavastha ke antarashtriyakaran aur inclusive loktantra par ek vyakhyan University of Vermont mein diya gaya, jiske baad Murray Bookchin, Dan Chodorkoff aur anya logon ne charcha mein bhaag liya. Yeh video parts mein January mein prapt hua.",Hindi
"Takis Fotopoulos dvara antarjatikarana mariyu kapitalist market economy gurinchi inclusive democracy pai mata University of Vermont lo icharu. Taruvata Murray Bookchin, Dan Chodorkoff mariyu inka charchalo palgunaru. Ee video parts lo January lo dorikindi.",Telugu
"Takis Fotopoulos avargal kapitalist market economy-yin ulagam pughalchi matrum inclusive democracy patri University of Vermont-il oru pesal nadathinar. Pinbu Murray Bookchin, Dan Chodorkoff matrum matra ulagangalum kalandhu oru alochanai nadathinaargal. Intha video January-il pagirkkapattathu.",Tamil
"Takis Fotopoulos zài Vermont dàxué ji?nglùn z?b?n zh?yì shìch?ng j?ngjì de guójì huà hé b?ohán xìng mínzh? jìhuà. Suíhòu Murray Bookchin, Dan Chodorkoff hé qít? rén c?nji?le t?olùn. Zhège shìpín y? j?ng yú Y?yuè huòdé.",Chinese
"Takis Fotopoulos wa kapitalisuto shij? keizai no kokusai-ka to h?setsuteki minshushugi no purojekuto ni tsuite Vermont Daigaku de k?en o okonai, sono nochi Murray Bookchin, Dan Chodorkoff oyobi hoka no hitobito ga sanka suru giron ga okonawareta. Kono bideo wa ichi-gatsu ni shutsugen shimashita.",Japanese
"Zuìhòu y?zhí de bìngzhì huì jiézhì shí, n?xìng sùf? hé f?n p?lì t?ng de bìnglì y?q? mièb?o.",Chinese
aberllefenni is a village in the south of gwynedd wales it lies in the historic county of merionethshiresir feirionnydd in the valley of the afon dulas,English
"Aberllefenni ekati grama jo Gwynedd, Wales ra dakshin bhagare achhi. Eha itihasik Merionethshire/Sir Feirionnydd jilar madhya achhi, ebong Afon Dulas upatyakare sthita.",Odia
" Aberllefenni ek gaon hai jo Gwynedd, Wales ke dakshin mein sthit hai. Yah itihaasik Merionethshire/Sir Feirionnydd zila mein hai aur Afon Dulas ghaati mein sthit hai.",Hindi
" Aberllefenni ane gramam Gwynedd, Wales dakshina bhagam lo undi. Idi charitraka Merionethshire/Sir Feirionnydd jilalo mariyu Afon Dulas gutta lo undi.",Telugu
"Aberllefenni ennum oru gramam Gwynedd, Wales in thekku pagudhi-il ullathu. Idhu varalartriya Merionethshire/Sir Feirionnydd maavattathilum Afon Dulas pallathakku-ilum irukkirathu.",Tamil
"Aberllefenni shì wèil? yú Gwynedd, Wales nánbù de y? gè c?nzhu?ng. T? zuòluò yú lìsh? sh?ng Merionethshire/Sir Feirionnydd, bìng wèiyú Afon Dulas xiág? zh?ng.",Chinese
" Aberllefenni wa Gwynedd, Wales no minami ni aru mura desu. Sore wa rekishiteki na Merionethshire/Sir Feirionnydd ni zaisuru, Afon Dulas tani ni ichi shiteimasu.",Japanese
"Eka keycard lock eka samatala card sahita kaam kare, jaha credit card kimba American ebam European driver's license ra saman aakara re thae. Dwara kholiba pain, eka jane byakti ku safalata saha keycard madhyare thiba signature saha milaiba darkara.",Odia
"March masare eka production aircraft ra order deya ga'? thila jaha ku oj- bibh?ga kar?'igala, ebam du'iti ?ra order ?g??i m?? re deya g?l?, jaha re nau?i aircraft samil thil?, ebam ekati ?r? aircraft ?is?mbara m??are deya g?l? reserve unit ra upay?ga pa'?.",Odia
an order for  production aircraft designated oj- was placed in march  and two more orders followed one in may  for nine aircraft and a further  aircraft in december  for use by reserve units,English
an order for  production aircraft designated oj- was placed in march  and two more orders followed one in may  for nine aircraft and a further  aircraft in december  for use by reserve units,English
"March masare oj- designated production aircraft ra order deya ja'ithila, ebam du'iti ?ru order ?g??i m??a re deya ja'ithila, jaah? re nau?i aircraft samil thil?, ebam ?ka ?ru aircraft ?is?mbara m??are reserve unit ra upay?ga pa'? deya ja'ithila.",Odia
"agnieszka was exceptionally gifted she completed her coursework much more quickly than other students and graduated from marie curie-skÅ‚odowska high school in  she trained as a swimmer at legia sports club and studied journalism at the university of warsaw â€“ and film-directing at the prestigious national film school in Å‚Ã³dÅº â€“ but dropped film-directing and started writing osiecka published essays and articles in the student press during her university years she joined the famous student satirical theatre sts in  and wrote  political and lyrical songs for this company she used to say ""i am a journalist that is why some of my songs are reports which rhyme"" she served on the artistic board of the sts theatre until it closed in ",English
